; ; ; ; ; ; ; ; ; ; ; ; ; ; ; ; ; ; ; ; ; ; ; ; ; ; ; ; ; ; ; ; ; ; ; ; ; ; s4; ; ; ; ; ; ; ; ; ; ; ; ; 
; ; ; ; ; ; ; s7; ; ; ; ; ; ; ; ; ; ; ; ; ; ; ; ; ; ; ; ; ; ; ; ; ; ; ; ; ; ; ; ; ; ; ; ; ; ; ; ; ; ; ; 
; ; ; ; ; ; ; ; ; ; ; ; ; ; ; ; ; ; ; ; ; ; ; ; ; ; ; ; ; ; ; ; ; ; ; ; ; ; ; ; ; ; ; ; ; s10; ; ; ; ; ; 
; ; ; ; ; ; ; ; ; ; ; ; ; ; s13; ; ; ; ; ; ; ; ; ; ; ; ; ; ; ; ; ; ; ; ; ; ; ; ; ; ; ; ; ; ; ; ; ; ; ; ; 
; ; ; ; ; ; ; ; ; ; ; ; ; ; r122; ; ; ; ; ; ; ; ; ; ; ; ; ; ; ; ; ; ; ; ; ; ; ; ; ; ; ; ; ; ; ; ; ; ; ; ; 
; ; ; ; ; ; ; ; ; ; ; ; ; ; ; ; ; ; ; ; ; ; ; ; ; ; ; ; ; ; ; ; ; ; ; ; ; ; ; ; ; ; ; ; ; ; ; ; ; ; acc; 
; ; ; ; ; ; ; ; ; ; ; ; ; ; s13; ; ; ; ; ; ; ; s24; s31; s26; s27; ; ; ; ; ; ; ; ; ; ; ; s28; ; s29; ; ; ; ; ; ; ; ; ; s32; ; 
; ; ; ; ; ; ; ; ; ; ; ; ; ; r27; ; ; ; ; ; ; ; r27; r27; r27; r27; ; ; ; ; ; ; ; ; ; ; ; r27; ; r27; ; ; ; ; ; ; ; ; ; r27; ; 
; ; ; ; ; ; ; r119; ; ; ; ; ; ; ; ; ; ; ; ; ; ; ; ; ; ; ; ; ; ; ; ; ; ; ; ; ; ; ; ; ; ; ; ; ; ; ; ; ; ; ; 
; ; ; ; ; ; ; ; ; ; ; ; ; ; s13; ; ; ; ; ; ; ; ; ; ; ; ; ; ; ; ; ; ; ; ; ; ; ; ; ; ; ; ; ; ; ; ; ; ; ; ; 
; ; ; ; ; ; ; ; ; ; ; ; ; ; r140; ; ; ; ; ; ; ; ; ; ; ; ; ; ; ; ; ; ; ; ; ; ; ; ; ; ; ; ; ; ; ; ; ; ; ; ; 
; ; ; ; ; ; ; r120; ; ; ; ; ; ; ; ; ; ; ; ; ; ; ; ; ; ; ; ; ; ; ; ; ; ; ; ; ; ; ; ; ; ; ; ; ; r118; ; ; ; ; ; 
; ; ; ; ; ; ; ; ; ; ; ; ; ; ; ; ; ; ; ; ; ; ; ; ; ; ; ; ; ; ; ; ; ; ; ; ; ; ; ; s36; ; ; ; ; ; ; ; ; ; ; 
r145; r145; r145; r145; r145; r145; ; ; ; r145; r145; r145; r145; r145; ; ; ; r145; ; r145; r145; ; ; ; ; ; r145; r145; r145; r145; r145; r145; ; ; ; ; ; ; ; ; r145; r145; r145; r145; ; ; ; ; ; ; ; 
; ; ; ; ; ; ; ; ; ; ; ; ; ; ; ; ; ; ; ; ; ; ; ; ; ; ; ; ; ; ; ; ; ; ; ; ; ; ; ; ; ; ; ; ; ; ; ; ; ; r87; 
; ; ; ; ; ; ; ; ; ; ; ; ; ; s13; ; ; ; ; ; ; ; s24; s31; s26; s27; ; ; ; ; ; ; ; ; ; ; ; s28; ; s29; ; ; ; ; ; ; ; ; ; s32; r88; 
; ; ; ; ; ; ; ; ; ; ; ; ; ; ; ; ; ; s40; ; ; ; ; ; ; ; ; ; ; ; ; ; ; ; ; ; ; ; ; ; ; ; ; ; ; ; ; ; ; ; ; 
; ; ; ; ; ; ; ; ; ; ; ; ; ; ; ; ; ; ; ; ; ; s24; ; ; ; ; ; ; ; ; ; ; ; ; ; ; ; ; ; ; ; ; ; ; ; ; ; ; ; ; 
; ; ; ; ; ; ; ; ; ; ; ; ; ; s49; s50; s51; ; ; ; ; ; ; ; ; ; ; ; ; ; ; ; ; ; ; ; s52; ; ; ; ; ; ; ; ; ; ; ; ; ; ; 
; ; ; ; ; ; ; ; ; ; ; ; ; ; ; ; ; ; ; ; ; ; ; ; ; ; ; ; ; ; ; ; ; ; ; ; s52; ; ; ; ; ; ; ; ; ; ; ; ; ; ; 
; ; ; ; ; ; ; ; ; ; ; ; ; ; ; ; ; ; ; ; ; ; ; ; ; ; ; ; ; ; ; ; ; ; ; ; s52; ; ; ; ; ; ; ; ; ; ; ; ; ; ; 
; ; ; ; ; ; ; ; ; ; ; ; ; ; s13; ; ; ; ; ; ; ; ; s31; s26; s27; ; ; ; ; ; ; ; ; ; ; ; s28; ; s29; ; ; ; ; s60; ; ; ; ; s32; ; 
; ; ; ; ; ; ; ; ; ; ; s63; ; ; ; ; ; ; ; ; ; ; ; ; ; ; ; ; ; ; ; ; ; ; ; ; ; ; ; ; ; ; ; ; ; ; ; ; ; ; ; 
; ; ; ; ; ; ; ; ; ; ; ; ; ; ; ; ; ; ; ; ; ; s24; ; ; ; ; ; ; ; ; ; ; ; ; ; ; ; ; ; ; ; ; ; ; ; ; ; ; ; ; 
; ; ; ; ; ; ; ; ; ; ; ; ; ; ; ; ; ; r55; ; ; r55; ; ; ; ; ; ; ; ; ; ; ; ; ; ; ; ; ; ; r55; ; ; ; ; ; ; ; ; ; ; 
; ; ; ; ; ; ; ; ; ; ; ; ; ; s13; ; ; ; ; ; ; ; ; ; ; ; ; ; ; ; ; ; ; ; ; ; ; ; ; ; ; ; ; ; ; ; ; ; ; ; ; 
; ; ; ; ; ; ; ; ; ; ; ; ; ; r59; r59; r59; ; ; ; ; ; ; ; ; ; ; ; ; ; ; ; ; ; ; ; r59; ; ; ; ; ; ; ; ; ; ; ; ; ; ; 
; ; ; ; ; ; ; ; ; ; ; ; ; ; ; ; ; ; ; ; ; ; ; ; ; ; ; ; ; ; ; ; ; ; ; ; r61; ; ; ; ; ; ; ; ; ; ; ; ; ; ; 
; ; ; ; ; ; ; ; ; ; ; ; ; ; ; ; ; ; ; ; ; ; ; ; ; ; ; ; ; ; ; ; ; ; ; ; r104; ; ; ; ; ; ; ; ; ; ; ; ; ; ; 
; ; ; ; ; ; ; ; ; ; ; ; ; ; r125; ; ; ; ; ; ; ; ; r125; r125; r125; ; ; ; ; ; ; ; ; ; ; ; r125; ; r125; ; ; ; ; r125; ; ; ; ; r125; ; 
; ; ; ; ; ; ; ; ; ; ; ; ; ; s49; s50; s51; ; ; ; ; ; ; ; ; ; ; ; ; ; ; ; ; ; ; ; s52; ; ; ; ; ; ; ; ; ; ; ; ; ; ; 
; ; ; ; ; ; ; ; ; ; ; ; ; ; r57; ; ; ; ; ; ; ; ; ; ; ; ; ; ; ; ; ; ; ; ; ; ; ; ; ; ; ; ; ; ; ; ; ; ; ; ; 
; ; ; ; ; ; ; ; ; ; ; ; ; ; r157; r157; r157; ; ; ; ; ; ; ; ; ; ; ; ; ; ; ; ; ; ; ; r157; ; ; ; ; ; ; ; ; ; ; ; ; ; ; 
; ; ; ; ; ; ; r142; ; ; ; ; ; ; ; ; ; ; ; ; ; ; ; ; ; ; ; ; ; ; ; ; ; ; ; ; ; ; ; ; ; ; ; ; ; ; ; ; ; ; ; 
; ; ; ; ; ; ; ; ; ; ; ; s77; s76; ; ; ; ; ; ; ; ; ; ; ; ; ; ; ; ; ; ; ; ; ; ; ; ; ; ; ; ; ; ; ; ; ; ; ; ; ; 
; ; ; ; ; ; ; r121; ; ; ; ; ; ; ; ; ; ; ; ; ; ; ; ; ; ; ; ; ; ; ; ; ; ; ; ; ; ; ; ; ; ; ; ; ; r121; ; ; ; ; ; 
; ; ; ; ; ; ; r128; ; ; ; ; ; ; r128; ; ; ; ; ; ; ; r128; r128; r128; r128; ; ; ; ; ; ; ; ; ; ; ; r128; ; r128; ; ; ; ; r128; r128; ; ; ; r128; r128; 
; ; ; ; ; ; ; ; ; ; ; ; ; ; r109; ; ; ; ; ; ; ; r109; r109; r109; r109; ; ; ; ; ; ; ; ; ; ; ; r109; ; r109; ; ; ; ; r109; ; ; ; ; r109; r109; 
; ; ; ; ; ; ; ; ; ; ; ; ; ; s13/r110; ; ; ; ; ; ; ; s24/r110; s31/r110; s26/r110; s27/r110; ; ; ; ; ; ; ; ; ; ; ; s28/r110; ; s29/r110; ; ; ; ; r110; ; ; ; ; s32/r110; r110; 
; ; ; ; ; ; ; ; ; ; ; ; ; ; r53; ; ; ; ; ; ; ; r53; r53; r53; r53; ; ; ; ; ; ; ; ; ; ; ; r53; ; r53; ; ; ; ; r53; ; ; ; ; r53; r53; 
; ; ; ; ; ; ; ; ; ; ; ; ; ; r46; ; ; ; ; ; ; ; r46; r46; r46; r46; ; ; ; ; ; ; ; ; ; ; ; r46; ; r46; ; ; ; ; r46; ; ; ; ; r46; r46; 
; ; ; ; ; ; ; ; ; ; ; ; ; ; r105; ; ; ; ; ; ; ; r105; r105; r105; r105; ; ; ; ; ; ; ; ; ; ; ; r105; ; r105; ; ; ; ; r105; ; ; ; ; r105; r105; 
; ; ; ; ; ; ; ; ; ; ; ; ; ; ; ; ; ; ; ; ; ; ; ; ; ; ; ; ; ; ; ; ; ; ; ; ; ; ; ; s36; ; ; ; ; ; ; ; ; ; ; 
; ; ; ; ; ; ; ; ; ; ; ; ; ; r106; ; ; ; ; ; ; ; r106; r106; r106; r106; ; ; ; ; ; ; ; ; ; ; ; r106; ; r106; ; ; ; ; r106; ; ; ; ; r106; r106; 
; ; ; ; ; ; ; ; ; ; ; ; ; ; ; ; ; ; ; ; ; ; ; ; ; ; ; ; ; ; ; ; ; ; ; ; ; ; ; ; ; ; s81; ; ; ; ; ; ; ; ; 
; ; ; ; ; ; ; ; ; ; ; ; ; ; ; ; ; ; ; ; ; ; ; ; ; ; s84; s85; s86; s87; s88; s89; ; ; ; ; ; ; ; ; ; ; ; ; ; ; ; ; ; ; ; 
; ; ; ; ; ; ; ; ; ; ; ; ; ; s49; s50; s51; ; ; ; ; ; ; ; ; ; ; ; ; ; ; ; ; ; ; ; s52; ; ; ; ; ; ; ; ; ; ; ; ; ; ; 
s96; s97; s98; s99; s100; s101; ; ; ; ; ; ; ; ; ; ; ; ; ; ; ; ; ; ; ; ; ; ; ; ; ; ; ; ; ; ; ; ; ; ; ; ; ; ; ; ; ; ; ; ; ; 
s96; s97; s98; s99; s100; s101; ; ; ; ; ; ; ; ; ; ; ; ; ; ; ; ; ; ; ; ; ; ; ; ; ; ; ; ; ; ; ; ; ; ; ; ; ; ; ; ; ; ; ; ; ; 
r145; r145; r145; r145; r145; r145; ; ; ; r39/r145; r39/r145; r145; r145; r39/r145; ; ; ; r39/r145; ; r39/r145; r39/r145; ; ; ; ; ; r39/r145; r39/r145; r39/r145; r39/r145; r39/r145; r39/r145; ; ; ; ; ; ; ; ; r39/r145; r39/r145; r39/r145; r39/r145; ; ; ; ; ; ; ; 
r94; r94; r94; r94; r94; r94; ; ; ; r40/r94; r40/r94; ; ; r40/r94; ; ; ; r40/r94; ; r40/r94; r40/r94; ; ; ; ; ; r40/r94; r40/r94; r40/r94; r40/r94; r40/r94; r40/r94; ; ; ; ; ; ; ; ; r40/r94; r40/r94; r40/r94; r40/r94; ; ; ; ; ; ; ; 
r95; r95; r95; r95; r95; r95; ; ; ; r41/r95; r41/r95; ; ; r41/r95; ; ; ; r41/r95; ; r41/r95; r41/r95; ; ; ; ; ; r41/r95; r41/r95; r41/r95; r41/r95; r41/r95; r41/r95; ; ; ; ; ; ; ; ; r41/r95; r41/r95; r41/r95; r41/r95; ; ; ; ; ; ; ; 
; ; ; ; ; ; ; ; ; ; ; ; ; ; r98; r98; r98; ; ; ; ; ; ; ; ; ; ; ; ; ; ; ; ; ; ; ; r98; ; ; ; ; ; ; ; ; ; ; ; ; ; ; 
; ; ; ; ; ; ; ; ; ; ; ; ; ; r107; ; ; ; ; ; ; ; r107; r107; r107; r107; ; ; ; ; ; ; ; ; ; ; ; r107; ; r107; ; ; ; ; r107; ; ; ; ; r107; r107; 
; ; ; ; ; ; ; ; ; ; ; ; ; ; s49; s50; s51; ; ; ; ; ; ; ; ; ; ; ; ; ; ; ; ; ; ; ; ; ; ; ; ; ; ; ; ; ; ; ; ; ; ; 
; ; ; ; ; ; ; ; ; ; ; ; ; ; r108; ; ; ; ; ; ; ; r108; r108; r108; r108; ; ; ; ; ; ; ; ; ; ; ; r108; ; r108; ; ; ; ; r108; ; ; ; ; r108; r108; 
; ; ; ; ; ; ; ; ; ; ; ; ; ; r111; ; ; ; ; ; ; ; r111; r111; r111; r111; ; ; ; ; ; ; ; ; ; ; ; r111; ; r111; ; ; ; ; r111; ; ; ; ; r111; r111; 
; ; ; ; ; ; ; ; ; ; ; ; ; ; r112; ; ; ; ; ; ; ; r112; r112; r112; r112; ; ; ; ; ; ; ; ; ; ; ; r112; ; r112; ; ; ; ; r112; ; ; ; ; r112; r112; 
; ; ; ; ; ; ; ; ; ; ; ; ; ; s13; ; ; ; ; ; ; ; s24; s31; s26; s27; ; ; ; ; ; ; ; ; ; ; ; s28; ; s29; ; ; ; ; s60; ; ; ; ; s32; ; 
; ; ; ; ; ; ; ; ; ; ; ; ; ; s49; s50; s51; ; ; ; ; ; ; ; ; ; ; ; ; ; ; ; ; ; ; ; s52; ; ; ; ; ; ; ; ; ; ; ; ; ; ; 
; ; ; ; ; ; ; ; ; ; ; ; ; ; r139; r139; r139; ; ; ; ; ; ; ; ; ; ; ; ; ; ; ; ; ; ; ; r139; ; ; ; ; ; ; ; ; ; ; ; ; ; ; 
; ; ; ; ; ; ; ; ; ; ; ; ; ; r113; ; ; ; ; ; ; ; r113; r113; r113; r113; ; ; ; ; ; ; ; ; ; ; ; r113; ; r113; ; ; ; ; r113; ; ; ; ; r113; r113; 
; ; ; ; ; ; ; ; s117; ; ; ; ; ; s13; s118; s119; ; ; ; ; ; ; ; ; ; ; ; ; ; ; ; ; ; ; ; ; ; ; ; ; ; ; ; ; ; ; ; ; ; ; 
; ; ; ; ; ; ; ; r34; ; ; ; ; ; r34; r34; r34; ; ; ; ; ; ; ; ; ; ; ; ; ; ; ; ; ; ; ; ; ; ; ; ; ; ; ; ; ; ; ; ; ; ; 
; ; ; ; ; ; ; ; ; ; ; ; ; ; r114; ; ; ; ; ; ; ; r114; r114; r114; r114; ; ; ; ; ; ; ; ; ; ; ; r114; ; r114; ; ; ; ; r114; ; ; ; ; r114; r114; 
; ; ; ; ; ; ; ; ; ; ; ; ; ; ; ; ; ; ; ; ; ; r56; ; ; ; ; ; ; ; ; ; ; ; ; ; ; ; ; ; ; ; ; ; ; ; ; ; ; ; ; 
; ; ; ; ; ; ; ; ; ; ; s63; ; ; ; ; ; ; ; ; ; ; ; ; ; ; ; ; ; ; ; ; ; ; ; ; ; ; ; ; ; ; ; ; ; ; ; ; ; ; ; 
; ; ; ; ; ; ; ; ; ; ; ; ; ; ; ; ; ; ; ; ; ; r156; ; ; ; ; ; ; ; ; ; ; ; ; ; ; ; ; ; ; ; ; ; ; ; ; ; ; ; ; 
; ; ; ; ; ; ; ; ; ; ; ; ; ; ; ; ; s124; ; ; ; ; ; ; ; ; ; ; ; ; ; ; ; ; ; ; ; ; ; ; ; ; ; ; ; ; ; ; ; ; ; 
; ; ; ; ; ; ; ; ; ; ; ; ; ; ; ; ; s124; ; ; ; ; ; ; ; ; ; ; ; ; ; ; ; ; ; ; ; ; ; ; ; ; ; ; ; ; ; ; ; ; ; 
; ; ; ; ; ; ; ; ; ; ; ; ; ; ; ; ; ; ; ; ; ; ; ; ; ; s84; s85; s86; s87; s88; s89; ; ; ; ; ; ; ; ; ; ; ; ; ; ; ; ; ; ; ; 
; ; ; ; ; ; ; ; ; ; ; ; ; ; s49; s50; s51; ; ; ; ; ; ; ; ; ; ; ; ; ; ; ; ; ; ; ; s52; ; ; ; ; ; ; ; ; ; ; ; ; ; ; 
; ; ; ; ; ; ; r143; ; ; ; ; ; ; ; ; ; ; ; ; ; ; ; ; ; ; ; ; ; ; ; ; ; ; ; ; ; ; ; ; ; ; ; ; ; ; ; ; ; ; ; 
; ; ; ; ; ; ; r144; ; ; ; ; ; ; ; ; ; ; ; ; ; ; ; ; ; ; ; ; ; ; ; ; ; ; ; ; ; ; ; ; ; ; ; ; ; ; ; ; ; ; ; 
; ; ; ; ; ; ; ; ; ; ; ; ; ; s13; ; ; ; ; ; ; ; ; ; ; ; ; ; ; ; ; ; ; ; ; ; ; ; ; ; ; ; ; ; ; ; ; ; ; ; ; 
; ; ; ; ; ; s134; ; ; ; ; ; ; ; ; ; ; ; ; ; ; ; ; ; ; ; ; ; ; ; ; ; ; ; ; ; ; ; ; ; ; ; ; ; ; ; s135; s136; s137; ; ; 
; ; ; ; ; ; ; ; ; ; ; ; ; ; r36; r36; r36; ; ; ; ; ; ; ; ; ; ; ; ; ; ; ; ; ; ; ; ; ; ; ; ; ; ; ; ; ; ; ; ; ; ; 
; ; ; ; ; ; r35; ; ; ; ; ; ; ; ; ; ; ; ; ; ; ; ; ; ; ; ; ; ; ; ; ; ; ; ; ; ; ; ; ; ; ; ; ; ; ; r35; r35; r35; ; ; 
; ; ; ; ; ; ; ; ; ; ; ; ; ; r52; ; ; ; ; ; ; ; r52; r52; r52; r52; ; ; ; ; ; ; ; ; ; ; ; r52; ; r52; ; ; ; ; r52; ; ; ; ; r52; r52; 
; ; ; ; ; ; ; ; ; ; ; ; ; ; r64; ; ; ; ; ; ; ; r64; r64; r64; r64; ; ; ; ; ; ; ; ; ; ; ; r64; ; r64; ; ; ; ; r64; ; ; ; ; r64; r64; 
; ; ; ; ; ; ; s7; ; ; ; ; ; ; ; ; ; ; ; ; ; ; ; ; ; ; ; ; ; ; ; ; ; ; ; ; ; ; ; ; ; ; ; ; ; ; ; ; ; ; ; 
; ; ; ; ; ; ; r133; ; ; ; ; ; ; ; ; ; ; ; ; ; ; ; ; ; ; ; ; ; ; ; ; ; ; ; ; ; ; ; ; ; ; ; ; ; ; ; ; ; ; ; 
; ; ; ; ; ; ; ; ; ; ; ; ; ; ; ; ; r85; ; ; ; ; ; ; ; ; ; ; ; ; ; ; ; ; ; ; ; ; ; ; r85; ; r85; ; ; ; ; ; ; ; ; 
; ; ; ; ; ; ; ; ; ; ; ; ; ; s49; s50; s51; ; ; ; ; ; ; ; ; ; ; ; ; ; ; ; ; ; ; ; ; ; ; ; ; ; ; ; ; ; ; ; ; ; ; 
; ; ; ; ; ; ; ; ; ; ; ; ; ; r73; r73; r73; ; ; ; ; ; ; ; ; ; ; ; ; ; ; ; ; ; ; ; ; ; ; ; ; ; ; ; ; ; ; ; ; ; ; 
; ; ; ; ; ; ; ; ; ; ; ; ; ; r74; r74; r74; ; ; ; ; ; ; ; ; ; ; ; ; ; ; ; ; ; ; ; ; ; ; ; ; ; ; ; ; ; ; ; ; ; ; 
; ; ; ; ; ; ; ; ; ; ; ; ; ; r75; r75; r75; ; ; ; ; ; ; ; ; ; ; ; ; ; ; ; ; ; ; ; ; ; ; ; ; ; ; ; ; ; ; ; ; ; ; 
; ; ; ; ; ; ; ; ; ; ; ; ; ; r76; r76; r76; ; ; ; ; ; ; ; ; ; ; ; ; ; ; ; ; ; ; ; ; ; ; ; ; ; ; ; ; ; ; ; ; ; ; 
; ; ; ; ; ; ; ; ; ; ; ; ; ; r77; r77; r77; ; ; ; ; ; ; ; ; ; ; ; ; ; ; ; ; ; ; ; ; ; ; ; ; ; ; ; ; ; ; ; ; ; ; 
; ; ; ; ; ; ; ; ; ; ; ; ; ; r78; r78; r78; ; ; ; ; ; ; ; ; ; ; ; ; ; ; ; ; ; ; ; ; ; ; ; ; ; ; ; ; ; ; ; ; ; ; 
; ; ; ; ; ; ; ; ; ; ; ; ; ; ; ; ; r86; ; ; ; ; ; ; ; ; ; ; ; ; ; ; ; ; ; ; ; ; ; ; r86; ; r86; ; ; ; ; ; ; ; ; 
; ; ; ; ; ; ; ; ; ; s142; ; ; ; ; ; ; ; ; ; ; ; ; ; ; ; ; ; ; ; ; ; ; ; ; ; ; ; ; ; ; ; ; ; ; ; ; ; ; ; ; 
; ; ; ; ; ; ; ; ; ; ; ; ; ; ; ; ; ; ; ; ; ; ; ; ; ; s84; s85; s86; s87; s88; s89; ; ; ; ; ; ; ; ; ; ; ; ; ; ; ; ; ; ; ; 
; ; ; ; ; ; ; ; ; ; ; ; ; ; s49; s50; s51; ; ; ; ; ; ; ; ; ; ; ; ; ; ; ; ; ; ; ; s52; ; ; ; ; ; ; ; ; ; ; ; ; ; ; 
; ; ; ; ; ; ; ; ; r37; r37; ; ; r37; ; ; ; r37; ; r37; r37; ; ; ; ; ; r37; r37; r37; r37; r37; r37; ; ; ; ; ; ; ; ; r37; r37; r37; r37; ; ; ; ; ; ; ; 
; ; ; ; ; ; ; ; ; ; ; ; ; ; s13; s118; s119; ; ; ; ; ; ; ; ; ; ; ; ; ; ; ; ; ; ; ; ; ; ; ; ; ; ; ; ; ; ; ; ; ; ; 
; ; ; ; ; ; ; ; ; ; ; ; ; ; r12; r12; r12; ; ; ; ; ; ; ; ; ; ; ; ; ; ; ; ; ; ; ; ; ; ; ; ; ; ; ; ; ; ; ; ; ; ; 
; ; ; ; ; ; ; ; ; ; ; ; ; ; r13; r13; r13; ; ; ; ; ; ; ; ; ; ; ; ; ; ; ; ; ; ; ; ; ; ; ; ; ; ; ; ; ; ; ; ; ; ; 
; ; ; ; ; ; ; ; ; ; ; ; ; ; r14; r14; r14; ; ; ; ; ; ; ; ; ; ; ; ; ; ; ; ; ; ; ; ; ; ; ; ; ; ; ; ; ; ; ; ; ; ; 
; ; ; ; ; ; ; ; ; ; ; ; ; ; r15; r15; r15; ; ; ; ; ; ; ; ; ; ; ; ; ; ; ; ; ; ; ; ; ; ; ; ; ; ; ; ; ; ; ; ; ; ; 
; ; ; ; ; ; ; ; ; ; ; ; ; ; r16; r16; r16; ; ; ; ; ; ; ; ; ; ; ; ; ; ; ; ; ; ; ; ; ; ; ; ; ; ; ; ; ; ; ; ; ; ; 
; ; ; ; ; ; ; ; ; ; ; ; ; ; r17; r17; r17; ; ; ; ; ; ; ; ; ; ; ; ; ; ; ; ; ; ; ; ; ; ; ; ; ; ; ; ; ; ; ; ; ; ; 
; ; ; ; ; ; ; ; ; r38; r38; ; ; r38; ; ; ; r38; ; r38; r38; ; ; ; ; ; r38; r38; r38; r38; r38; r38; ; ; ; ; ; ; ; ; r38; r38; r38; r38; ; ; ; ; ; ; ; 
; ; ; ; ; ; ; ; ; ; ; ; ; ; r58; ; ; ; ; ; ; ; r58; r58; r58; r58; ; ; ; ; ; ; ; ; ; ; ; r58; ; r58; ; ; ; ; r58; ; ; ; ; r58; r58; 
; ; ; ; ; ; ; ; ; ; s142; ; ; ; ; ; ; ; ; ; ; ; ; ; ; ; ; ; ; ; ; ; ; ; ; ; ; ; ; ; ; ; ; ; ; ; ; ; ; ; ; 
; ; ; ; ; ; ; ; ; ; ; ; ; ; r115; ; ; ; ; ; ; ; r115; r115; r115; r115; ; ; ; ; ; ; ; ; ; ; ; r115; ; r115; ; ; ; ; r115; ; ; ; ; r115; r115; 
; ; ; ; ; ; ; ; ; ; ; ; ; ; r116; ; ; ; ; ; ; ; r116; r116; r116; r116; ; ; ; ; ; ; ; ; ; ; ; r116; ; r116; ; ; ; ; r116; ; ; ; ; r116; r116; 
; ; ; ; ; ; ; ; ; ; ; ; ; ; r117; ; ; ; ; ; ; ; r117; r117; r117; r117; ; ; ; ; ; ; ; ; ; ; ; r117; ; r117; ; ; ; ; r117; ; ; ; ; r117; r117; 
; ; ; ; ; ; ; ; ; ; ; ; ; ; ; ; ; ; s40; ; ; s151; ; ; ; ; ; ; ; ; ; ; ; ; ; ; ; ; ; ; s36; ; ; ; ; ; ; ; ; ; ; 
; ; ; ; ; ; ; ; ; ; ; ; ; ; r138; ; ; ; ; ; ; ; r138; r138; r138; r138; ; ; ; ; ; ; ; ; ; ; ; r138; ; r138; ; ; ; ; r138; ; ; ; ; r138; r138; 
; ; ; ; ; ; ; ; ; ; ; ; ; ; ; ; ; ; ; ; ; ; ; ; ; ; ; ; ; ; ; ; ; ; ; ; ; ; ; ; s36; ; ; ; ; ; ; ; ; ; ; 
; ; ; ; ; ; ; ; ; ; ; ; ; ; ; ; ; ; ; ; ; ; ; ; ; ; ; ; ; ; ; ; ; ; ; ; ; ; ; ; s36; ; ; ; ; ; ; ; ; ; ; 
; ; ; ; ; ; ; ; ; ; ; ; ; ; r8; ; ; ; ; ; ; ; r8; r8; r8; r8; ; ; ; ; ; ; ; ; ; ; ; r8; ; r8; ; ; ; ; r8; ; ; ; ; r8; r8; 
; ; ; ; ; ; ; ; ; ; ; ; ; ; r9; ; ; ; ; ; ; ; r9; r9; r9; r9; ; ; ; ; ; ; ; ; ; ; ; r9; ; r9; ; ; ; ; r9; ; ; ; ; r9; r9; 
; ; ; ; ; ; ; ; ; ; ; ; ; ; ; ; ; ; ; ; ; ; ; ; ; ; ; ; ; ; ; ; ; ; ; ; ; ; ; ; s36; ; ; ; ; ; ; ; ; ; ; 
s96; s97; s98; s99; s100; s101; ; ; ; ; ; ; ; ; ; ; ; ; ; ; ; ; ; ; ; ; ; ; ; ; ; ; ; ; ; ; ; ; ; ; s36; ; ; ; ; ; ; ; ; ; ; 
s96; s97; s98; s99; s100; s101; ; ; ; ; ; ; ; ; ; ; ; ; ; ; ; ; ; ; ; ; ; ; ; ; ; ; ; ; ; ; ; ; ; ; s36; ; ; ; ; ; ; ; ; ; ; 
; ; ; ; ; ; ; ; ; ; ; ; ; ; ; ; ; ; ; ; ; ; ; ; ; ; ; ; ; ; ; ; ; ; ; ; ; ; ; ; r28; ; ; ; ; ; ; ; ; ; ; 
r94; r94; r94; r94; r94; r94; ; ; ; r94; r94; ; ; r94; ; ; ; r94; ; r94; r94; ; ; ; ; ; r94; r94; r94; r94; r94; r94; ; ; ; ; ; ; ; ; r94; r94; r94; r94; ; ; ; ; ; ; ; 
r95; r95; r95; r95; r95; r95; ; ; ; r95; r95; ; ; r95; ; ; ; r95; ; r95; r95; ; ; ; ; ; r95; r95; r95; r95; r95; r95; ; ; ; ; ; ; ; ; r95; r95; r95; r95; ; ; ; ; ; ; ; 
; ; ; ; ; ; ; ; ; ; ; ; ; ; ; ; ; ; ; ; ; ; r71; ; ; ; ; ; ; ; ; ; ; ; ; ; ; ; ; ; ; ; ; ; ; ; ; ; ; ; ; 
; ; ; ; ; ; ; ; ; ; ; ; ; ; s49; s50; s51; ; ; ; ; ; ; ; ; ; ; ; ; ; ; ; ; ; ; ; ; ; ; ; ; ; ; ; ; ; ; ; ; ; ; 
; ; ; ; ; ; ; ; ; ; ; ; ; ; ; ; ; ; ; ; ; ; r154; ; ; ; ; ; ; ; ; ; ; ; ; ; ; ; ; ; ; ; ; ; ; ; ; ; ; ; ; 
; ; ; ; ; ; ; s7; ; ; ; ; ; ; ; ; ; ; ; ; ; ; ; ; ; ; ; ; ; ; ; ; ; ; ; ; ; ; ; ; ; ; ; ; ; ; ; ; ; ; ; 
; ; ; ; ; ; ; r45; ; ; ; ; ; ; ; ; ; ; ; ; ; ; ; ; ; ; ; ; ; ; ; ; ; ; ; ; ; ; ; ; ; ; ; ; ; ; ; ; ; ; ; 
; ; ; ; ; ; ; ; ; ; ; ; ; ; ; ; ; ; ; ; ; ; r155; ; ; ; ; ; ; ; ; ; ; ; ; ; ; ; ; ; ; ; ; ; ; ; ; ; ; ; ; 
; ; ; ; ; ; ; ; ; ; r68; ; ; ; ; ; ; r68/r85; ; ; ; ; ; ; ; ; ; ; ; ; ; ; ; ; ; ; ; ; ; ; r68/r85; ; r85; ; ; ; ; ; ; ; ; 
; ; ; ; ; ; ; ; ; ; r69; ; ; ; ; ; ; r69/r86; ; ; ; ; ; ; ; ; ; ; ; ; ; ; s166; s167; ; ; ; ; ; ; r69/r86; ; r86; ; ; ; ; ; ; ; ; 
; ; ; ; ; ; ; ; ; ; r70; ; ; ; ; ; ; r70; ; ; ; ; ; ; ; ; ; ; ; ; ; ; ; ; ; ; ; ; ; ; r70; ; ; ; ; ; ; ; ; ; ; 
; ; ; ; ; ; ; r93; ; ; ; ; ; ; ; ; ; ; ; ; ; ; ; ; ; ; ; ; ; ; ; ; ; ; ; ; ; ; ; ; ; ; ; ; ; ; ; ; ; ; ; 
; ; ; ; ; ; ; r146; ; ; ; ; ; ; ; ; ; ; ; ; ; ; ; ; ; ; ; ; ; ; ; ; ; ; ; ; ; ; ; ; ; ; ; ; ; ; ; ; ; ; ; 
; ; ; ; ; ; ; r147; ; ; ; ; ; ; ; ; ; ; ; ; ; ; ; ; ; ; ; ; ; ; ; ; ; ; ; ; ; ; ; ; ; ; ; ; ; ; ; ; ; ; ; 
; ; ; ; ; ; ; ; ; ; ; ; ; ; ; ; ; ; ; ; ; ; ; ; ; ; ; ; ; ; ; ; ; ; ; s170; ; ; ; ; ; ; ; ; ; ; ; ; ; ; ; 
; ; ; ; ; ; ; ; ; ; ; ; ; ; ; ; ; ; ; ; ; ; ; ; ; ; ; ; ; ; ; ; ; ; ; ; ; ; ; ; s36; ; ; ; ; ; ; ; ; ; ; 
; ; ; ; ; ; ; ; ; ; ; ; ; ; ; ; ; ; ; ; ; ; ; ; ; ; ; ; ; ; ; ; ; ; ; r25; ; ; ; ; ; ; ; ; ; ; ; ; ; ; ; 
; ; ; ; ; ; ; ; ; ; ; ; ; ; ; ; ; ; ; ; ; ; ; ; ; ; ; ; ; ; ; ; ; ; ; ; ; ; ; ; r148; ; ; ; ; ; ; ; ; ; ; 
; ; ; ; ; ; ; ; ; ; ; ; ; ; ; ; ; ; ; ; ; ; ; ; ; ; ; ; ; ; ; ; ; ; ; ; ; ; ; ; r149; ; ; ; ; ; ; ; ; ; ; 
; ; ; ; ; ; ; ; ; ; ; ; ; ; ; ; ; ; ; ; ; ; ; ; ; ; ; ; ; ; ; ; ; ; ; ; ; ; ; ; r150; ; ; ; ; ; ; ; ; ; ; 
; ; ; ; ; ; ; ; ; ; ; ; ; ; r132; ; ; ; ; ; ; ; r132; r132; r132; r132; ; ; ; ; ; ; ; ; ; ; ; r132; ; r132; ; ; ; ; r132; ; ; ; ; r132; r132; 
; ; ; ; ; ; ; ; ; ; ; ; ; ; s13; ; ; ; ; ; ; ; s24; s31; s26; s27; ; ; ; ; ; ; ; ; ; ; ; s28; ; s29; ; ; ; ; ; ; ; ; ; s32; ; 
; ; ; ; ; ; ; ; ; ; r72; ; ; ; ; ; ; r72; ; ; ; ; ; ; ; ; ; ; ; ; ; ; ; ; ; ; ; ; ; ; r72; ; r72; ; ; ; ; ; ; ; ; 
; ; ; ; ; ; ; ; ; ; r65; ; ; ; ; ; ; r65; ; ; ; ; ; ; ; ; ; ; ; ; ; ; r65; r65; ; ; ; ; ; ; r65; ; r65; ; ; ; ; ; ; ; ; 
; ; ; ; ; ; ; ; ; ; r30; ; ; ; ; ; ; r30; ; ; ; ; ; ; ; ; ; ; ; ; ; ; r30; r30; ; ; ; ; ; ; r30; ; r30; ; ; ; ; ; ; ; ; 
; ; ; ; ; ; ; ; ; ; r68; ; ; ; ; ; ; r68; ; ; ; ; ; ; ; ; ; ; ; ; ; ; ; ; ; ; ; ; ; ; r68; ; ; ; ; ; ; ; ; ; ; 
; ; ; ; ; ; ; ; ; ; r69; ; ; ; ; ; ; r69; ; ; ; ; ; ; ; ; ; ; ; ; ; ; s166; s167; ; ; ; ; ; ; r69; ; ; ; ; ; ; ; ; ; ; 
; ; ; ; ; ; ; ; ; r4; r4; ; ; r4; ; ; ; r4; ; r4; r4; ; ; ; ; ; r4; r4; r4; r4; r4; r4; ; ; ; ; ; ; ; ; r4; r4; r4; r4; ; ; ; ; ; ; ; 
; ; ; ; ; ; ; ; ; r5; r5; ; ; r5; ; ; ; r5; ; r5; r5; ; ; ; ; ; r5; r5; r5; r5; r5; r5; ; ; ; ; ; ; ; ; r5; r5; r5; r5; ; ; ; ; ; ; ; 
; ; ; ; ; ; ; ; ; ; ; ; ; ; r60; ; ; ; ; ; ; ; r60; r60; r60; r60; ; ; ; ; ; ; ; ; ; ; ; r60; ; r60; ; ; ; ; r60; ; ; ; ; r60; r60; 
; ; ; ; ; ; ; ; ; ; ; ; ; ; ; ; ; ; ; ; ; ; ; ; ; ; ; ; ; ; ; ; ; ; ; ; ; ; ; ; s36; ; ; ; ; ; ; ; ; ; ; 
; ; ; ; ; ; ; ; ; ; ; ; ; ; r54; ; ; ; ; ; ; ; r54; r54; r54; r54; ; ; ; ; ; ; ; ; ; ; ; r54; ; r54; ; ; ; ; r54; ; ; ; ; r54; r54; 
; ; ; ; ; ; ; s7; ; ; ; ; ; ; ; ; ; ; ; ; ; ; ; ; s26; ; ; ; ; ; ; ; ; ; ; ; ; ; ; ; ; ; ; ; ; ; ; ; ; ; ; 
; ; ; ; ; ; ; r51; ; ; ; ; ; ; ; ; ; ; ; ; ; ; ; ; r51; ; ; ; ; ; ; ; ; ; ; ; ; ; ; ; ; ; ; ; ; ; ; ; ; ; ; 
; ; ; ; ; ; ; ; ; ; ; ; ; ; r66; ; ; ; ; ; ; ; r66; r66; r66; r66; ; ; ; ; ; ; ; ; ; ; ; r66; ; r66; ; ; ; ; r66; ; ; ; ; r66; r66; 
; ; ; ; ; ; ; ; ; ; ; ; ; ; r67; ; ; ; ; ; ; ; r67; r67; r67; r67; ; ; ; ; ; ; ; ; ; ; ; r67; ; r67; ; ; ; ; r67; ; ; ; ; r67; r67; 
; ; ; ; ; ; ; ; ; ; ; ; ; ; r1; ; ; ; ; ; ; ; r1; r1; r1; r1; ; ; ; ; ; ; ; ; ; ; ; r1; ; r1; ; ; ; ; r1; ; ; ; ; r1; r1; 
; ; ; ; ; ; ; ; ; ; ; ; ; ; r2; ; ; ; ; ; ; ; r2; r2; r2; r2; ; ; ; ; ; ; ; ; ; ; ; r2; ; r2; ; ; ; ; r2; ; ; ; ; r2; r2; 
; ; ; ; ; ; ; ; ; ; ; ; ; ; r10; ; ; ; ; ; ; ; r10; r10; r10; r10; ; ; ; ; ; ; ; ; ; ; ; r10; ; r10; ; ; ; ; r10; ; ; ; ; r10; r10; 
; ; ; ; ; ; ; ; ; ; ; ; ; ; s13; s118; s119; ; ; ; ; ; ; ; ; ; ; ; ; ; ; ; ; ; ; ; ; ; ; ; ; ; ; ; ; ; ; ; ; ; ; 
; ; ; ; ; ; ; ; ; ; ; ; ; ; r3; ; ; ; ; ; ; ; r3; r3; r3; r3; ; ; ; ; ; ; ; ; ; ; ; r3; ; r3; ; ; ; ; r3; ; ; ; ; r3; r3; 
; ; ; ; ; ; ; ; ; ; ; ; ; ; r11; ; ; ; ; ; ; ; r11; r11; r11; r11; ; ; ; ; ; ; ; ; ; ; ; r11; ; r11; ; ; ; ; r11; ; ; ; ; r11; r11; 
; ; ; ; ; ; ; ; ; ; ; ; ; ; ; ; ; ; ; ; ; ; r141; ; ; ; ; ; ; ; ; ; ; ; ; ; ; ; ; ; ; ; ; ; ; ; ; ; ; ; ; 
; ; ; ; ; ; ; ; ; ; ; ; ; ; ; ; ; ; ; ; s187; ; ; ; ; ; ; ; ; ; ; ; ; ; ; ; ; ; ; ; ; ; ; s188; ; ; ; ; ; ; ; 
; ; ; ; ; ; ; ; ; ; ; ; ; ; s13; ; ; ; ; ; ; ; r152; s31; s26; s27; ; ; ; ; ; ; ; ; ; ; ; s28; ; s29; ; ; ; ; ; ; ; ; ; s32; ; 
; ; ; ; ; ; ; ; ; ; ; ; ; ; ; ; ; ; ; ; ; ; r153; ; ; ; ; ; ; ; ; ; ; ; ; ; ; ; ; ; ; ; ; ; ; ; ; ; ; ; ; 
; ; ; ; ; ; ; ; ; ; r79; ; ; ; ; ; ; r79; ; ; ; ; ; ; ; ; ; ; ; ; ; ; ; ; ; ; ; ; ; ; r79; ; ; ; ; ; ; ; ; ; ; 
; ; ; ; ; ; ; ; ; ; ; ; ; ; ; ; ; ; ; ; ; ; ; ; ; ; ; ; ; ; ; ; ; ; ; ; s52; ; ; ; ; ; ; ; ; ; ; ; ; ; ; 
; ; ; ; ; ; ; ; ; ; ; ; ; ; ; ; ; ; ; ; ; ; ; ; ; ; ; ; ; ; ; ; ; ; ; ; r80; ; ; ; ; ; ; ; ; ; ; ; ; ; ; 
; ; ; ; ; ; ; ; ; ; ; ; ; ; ; ; ; ; ; ; ; ; ; ; ; ; ; ; ; ; ; ; ; ; ; ; r81; ; ; ; ; ; ; ; ; ; ; ; ; ; ; 
; ; ; ; ; ; ; r19; ; ; ; ; ; ; ; ; ; ; ; ; ; ; ; ; ; ; ; ; ; ; ; ; ; ; ; ; ; ; ; ; ; ; ; ; ; ; ; ; ; ; ; 
; ; ; ; ; ; ; ; ; ; ; ; ; ; s49; s50; s51; ; ; ; ; ; ; ; ; ; ; ; ; ; ; ; ; ; ; ; ; ; ; ; ; ; ; ; ; ; ; ; ; ; ; 
; ; ; ; ; ; ; ; ; ; ; ; ; ; r97; r97; r97; ; ; ; ; ; ; ; ; ; ; ; ; ; ; ; ; ; ; ; ; ; ; ; ; ; ; ; ; ; ; ; ; ; ; 
; ; ; ; ; ; ; r136; ; ; ; ; ; ; ; ; ; ; ; ; ; ; ; ; ; ; ; ; ; ; ; ; ; ; ; ; ; ; ; ; ; ; ; ; ; ; ; ; ; ; ; 
; ; ; ; ; ; ; r137; ; ; ; ; ; ; s13; ; ; ; ; ; ; ; ; ; ; ; ; ; ; ; ; ; ; ; ; ; ; ; ; ; ; ; ; ; ; ; ; ; ; ; ; 
; ; ; ; ; ; ; ; ; ; ; ; ; ; r89; ; ; ; ; ; ; ; r89; r89; r89; r89; ; ; ; ; ; ; ; ; ; ; ; r89; ; r89; ; ; ; ; r89; ; ; ; ; r89; r89; 
; ; ; ; ; ; ; ; ; ; ; ; ; ; r90; ; ; ; ; ; ; ; r90; r90; r90; r90; ; ; ; ; ; ; ; ; ; ; ; r90; ; r90; ; ; ; ; r90; ; ; ; ; r90; r90; 
; ; ; ; ; ; ; ; ; ; ; ; ; ; r91; ; ; ; ; ; ; ; r91; r91; r91; r91; ; ; ; ; ; ; ; ; ; ; ; r91; ; r91; ; ; ; ; r91; ; ; ; ; r91; r91; 
; ; ; ; ; ; ; ; ; ; ; ; ; ; ; ; ; ; ; ; ; s151; ; ; ; ; ; ; ; ; ; ; ; ; ; ; ; ; ; ; s36; ; ; ; ; ; ; ; ; ; ; 
; ; ; ; ; ; ; ; ; ; ; ; ; ; r33; ; ; ; ; ; ; ; r33; r33; r33; r33; ; ; ; ; ; ; ; ; ; ; ; r33; ; r33; ; ; ; ; r33; ; ; ; ; r33; r33; 
; ; ; ; ; ; ; ; ; ; ; ; ; ; r49; ; ; ; ; ; ; ; r49; r49; r49; r49; ; ; ; ; ; ; ; ; ; ; ; r49; ; r49; ; ; ; ; r49; ; ; ; ; r49; r49; 
; ; ; ; ; ; ; ; ; ; ; ; ; ; r50; ; ; ; ; ; ; ; r50; r50; r50; r50; ; ; ; ; ; ; ; ; ; ; ; r50; ; r50; ; ; ; ; r50; ; ; ; ; r50; r50; 
; ; ; ; ; ; ; ; ; ; ; ; ; ; s49; s50; s51; ; ; ; ; ; ; ; ; ; ; ; ; ; ; ; ; ; ; ; s52; ; ; ; ; ; ; ; ; ; ; ; ; ; ; 
; ; ; ; ; ; ; ; ; ; ; ; ; ; r102; ; ; ; ; ; ; ; r102; r102; r102; r102; ; ; ; ; ; ; ; ; ; ; ; r102; ; r102; ; ; ; ; r102; ; ; ; ; r102; r102; 
; ; ; ; ; ; ; ; ; ; ; ; ; ; ; ; ; ; ; ; ; ; ; ; ; ; ; ; ; ; ; ; ; ; ; ; ; ; ; ; s36; ; ; ; ; ; ; ; ; ; ; 
; ; ; ; ; ; ; ; ; ; ; ; ; ; ; ; ; ; ; ; ; ; ; ; ; ; ; ; ; ; ; ; ; ; ; ; ; ; ; ; s36; ; ; ; ; ; ; ; ; ; ; 
; ; ; ; ; ; ; ; ; ; ; ; ; ; ; ; ; ; ; ; ; ; r99; ; ; ; ; ; ; ; ; ; ; ; ; ; ; ; ; ; ; ; ; ; ; ; ; ; ; ; ; 
; ; ; ; ; ; ; ; ; ; ; ; ; ; s49; s50; s51; ; ; ; ; ; ; ; ; ; ; ; ; ; ; ; ; ; ; ; ; ; ; ; ; ; ; ; ; ; ; ; ; ; ; 
; ; ; ; ; ; ; ; ; ; ; ; ; ; s49; s50; s51; ; ; ; ; ; ; ; ; ; ; ; ; ; ; ; ; ; ; ; ; ; ; ; ; ; ; ; ; ; ; ; ; ; ; 
; ; ; ; ; ; ; ; ; ; ; ; ; ; r48; r48; r48; ; ; ; ; ; ; ; ; ; ; ; ; ; ; ; ; ; ; ; ; ; ; ; ; ; ; ; ; ; ; ; ; ; ; 
; ; ; ; ; ; ; ; ; ; ; ; ; ; r134; r134; r134; ; ; ; ; ; ; ; ; ; ; ; ; ; ; ; ; ; ; ; ; ; ; ; ; ; ; ; ; ; ; ; ; ; ; 
; ; ; ; ; ; ; ; ; ; ; ; ; ; s13; ; ; ; ; ; ; ; s24/r151; s31; s26; s27; ; ; ; ; ; ; ; ; ; ; ; s28; ; s29; ; ; ; ; ; ; ; ; ; s32; ; 
; ; ; ; ; ; ; ; ; ; r82; ; ; ; ; ; ; r82; ; ; ; ; ; ; ; ; ; ; ; ; ; ; ; ; ; ; ; ; ; ; r82; ; ; ; ; ; ; ; ; ; ; 
; ; ; ; ; ; ; ; ; ; s142; ; ; ; ; ; ; ; ; ; ; ; ; ; ; ; ; ; ; ; ; ; ; ; ; ; ; ; ; ; ; ; ; ; ; ; ; ; ; ; ; 
; ; ; ; ; ; ; ; ; ; ; ; ; ; s49; s50; s51; ; ; ; ; ; ; ; ; ; ; ; ; ; ; ; ; ; ; ; s52; ; ; ; ; ; ; ; ; ; ; ; ; ; ; 
; ; ; ; ; ; ; r20; ; ; ; ; ; ; ; ; ; ; ; ; ; ; ; ; ; ; ; ; ; ; ; ; ; ; ; ; ; ; ; ; ; ; ; ; ; ; ; ; ; ; ; 
; ; ; ; ; ; ; ; ; ; ; ; ; ; ; ; ; ; ; s207; ; ; ; ; ; ; ; ; ; ; ; ; ; ; ; ; ; ; ; ; ; ; ; ; ; ; ; ; ; ; ; 
; ; ; ; ; ; ; r103; ; ; ; ; ; ; ; ; ; ; ; ; ; ; ; ; ; ; ; ; ; ; ; ; ; ; ; ; ; ; ; ; ; ; ; ; ; ; ; ; ; ; ; 
; ; ; ; ; ; ; ; ; ; ; ; ; ; r42; ; ; ; ; ; ; ; r42; r42; r42; r42; ; ; ; ; ; ; ; ; ; ; ; r42; ; r42; ; ; ; ; r42; ; ; ; ; r42; r42; 
; ; ; ; ; ; ; ; ; ; ; ; ; ; r100; ; ; ; ; ; ; ; r100; r100; r100; r100; ; ; ; ; ; ; ; ; ; ; ; r100; ; r100; ; ; ; ; r100; ; ; ; ; r100; r100; 
; ; ; ; ; ; ; ; ; ; ; ; ; ; r101; ; ; ; ; ; ; ; r101; r101; r101; r101; ; ; ; ; ; ; ; ; ; ; ; r101; ; r101; ; ; ; ; r101; ; ; ; ; r101; r101; 
; ; ; ; ; ; ; ; ; ; ; ; ; ; ; ; ; ; ; ; ; ; r43; ; ; ; ; ; ; ; ; ; ; ; ; ; ; ; ; ; ; ; ; ; ; ; ; ; ; ; ; 
; ; ; ; ; ; ; ; ; ; ; ; ; ; ; ; ; s124; ; ; ; ; ; ; ; ; ; ; ; ; ; ; ; ; ; ; ; ; ; ; ; s213; ; ; ; ; ; ; ; ; ; 
; ; ; ; ; ; ; ; ; ; ; ; ; ; ; ; ; ; ; ; ; ; r44; ; ; ; ; ; ; ; ; ; ; ; ; ; ; ; ; ; ; ; ; ; ; ; ; ; ; ; ; 
; ; ; ; ; ; ; ; ; ; r83; ; ; ; ; ; ; r83; ; ; ; ; ; ; ; ; ; ; ; ; ; ; s166; s167; ; ; ; ; ; ; r83; ; ; ; ; ; ; ; ; ; ; 
; ; ; ; ; ; ; ; ; ; r84; ; ; ; ; ; ; r84; ; ; ; ; ; ; ; ; ; ; ; ; ; ; ; ; ; ; ; ; ; ; r84; ; ; ; ; ; ; ; ; ; ; 
; ; ; ; ; ; ; ; ; ; r63; ; ; ; ; ; ; ; ; ; ; ; ; ; ; ; ; ; ; ; ; ; ; ; ; ; ; ; ; ; ; ; ; ; ; ; ; ; ; ; ; 
; ; ; ; ; ; ; r21; ; ; ; ; ; ; ; ; ; ; ; ; ; ; ; ; ; ; ; ; ; ; ; ; ; ; ; ; ; ; ; ; ; ; ; ; ; ; ; ; ; ; ; 
; ; ; ; ; ; ; ; ; ; ; ; ; ; s49; s50; s51; ; ; ; ; ; ; ; ; ; ; ; ; ; ; ; ; ; ; ; ; ; ; ; ; ; ; ; ; ; ; ; ; ; ; 
; ; ; ; ; ; ; ; ; ; ; ; ; ; r47; r47; r47; ; ; ; ; ; ; ; ; ; ; ; ; ; ; ; ; ; ; ; ; ; ; ; ; ; ; ; ; ; ; ; ; ; ; 
; ; ; ; ; ; ; ; ; ; ; ; ; ; ; ; ; ; ; ; ; ; r126; ; ; ; ; ; ; ; ; ; ; ; ; ; ; ; ; ; ; ; ; ; ; ; ; ; ; ; ; 
; ; ; ; ; ; ; ; ; ; ; ; ; ; ; ; ; ; ; ; ; ; r127; ; ; ; ; ; ; ; ; ; ; ; ; ; ; ; ; ; ; ; ; ; ; ; ; ; ; ; ; 
; ; ; ; ; ; ; s7; ; ; ; ; ; ; ; ; ; ; ; ; ; ; ; ; ; ; ; ; ; ; ; ; ; ; ; ; ; ; ; ; ; ; ; ; ; ; ; ; ; ; ; 
; ; ; ; ; ; ; ; ; ; ; ; ; ; ; ; ; s124; ; ; ; ; ; ; ; ; ; ; ; ; ; ; ; ; ; ; ; ; ; ; ; ; ; ; ; ; ; ; ; ; ; 
; ; ; ; ; ; ; ; ; ; ; ; ; ; ; s118; s119; ; ; ; ; ; ; ; ; ; ; ; ; ; ; ; ; ; ; ; ; ; ; ; ; ; ; ; ; ; ; ; ; ; ; 
; ; ; ; ; ; ; ; ; ; ; ; ; ; ; r131; r131; ; ; ; ; ; ; ; ; ; ; ; ; ; ; ; ; ; ; ; ; ; ; ; ; ; ; ; ; ; ; ; ; ; ; 
; ; ; ; ; ; ; ; ; ; r62; ; ; ; ; ; ; r62; ; ; ; ; ; ; ; ; ; ; ; ; ; ; ; ; ; ; ; ; ; ; r62; ; ; ; ; ; ; ; ; ; ; 
; ; ; ; ; ; ; r22; ; ; ; ; ; ; ; ; ; ; ; ; ; ; ; ; ; ; ; ; ; ; ; ; ; ; ; ; ; ; ; ; ; ; ; ; ; ; ; ; ; ; ; 
; ; ; ; ; ; ; ; ; s224; ; ; ; s76; ; ; ; ; ; ; ; ; ; ; ; ; ; ; ; ; ; ; ; ; ; ; ; ; ; ; ; ; ; ; ; ; ; ; ; ; ; 
; ; ; ; ; ; ; ; ; ; ; ; ; ; s13; ; ; ; ; ; ; ; r31; s31; s26; s27; ; ; ; ; ; ; ; ; ; ; ; s28; ; s29; ; ; ; ; ; ; ; ; ; s32; ; 
; ; ; ; ; ; ; ; ; ; ; ; ; ; ; ; ; ; ; ; ; ; r32; ; ; ; ; ; ; ; ; ; ; ; ; ; ; ; ; ; ; ; ; ; ; ; ; ; ; ; ; 
; ; ; ; ; ; ; ; ; ; ; ; ; ; ; ; ; ; ; ; ; ; r129; ; ; ; ; ; ; ; ; ; ; ; ; ; ; ; ; ; ; ; ; ; ; ; ; ; ; ; ; 
; ; ; ; ; ; ; ; ; ; ; ; ; ; ; ; ; r130; ; ; ; ; ; ; ; ; ; ; ; ; ; ; ; ; ; ; ; ; ; ; ; ; ; ; ; ; ; ; ; ; ; 
; ; ; ; ; ; ; r18; ; ; ; ; ; ; ; ; ; ; ; ; ; ; ; ; ; ; ; ; ; ; ; ; ; ; ; ; ; ; ; ; ; ; ; ; ; ; ; ; ; ; ; 
; ; ; ; ; ; ; ; ; ; ; ; ; ; ; ; ; ; ; ; ; ; ; ; ; ; ; ; ; ; ; ; ; ; s228; ; ; ; ; ; ; ; ; ; ; ; ; ; ; ; ; 
; ; ; ; ; ; ; ; ; ; ; ; ; ; s49; s50; s51; ; ; ; ; ; ; ; ; ; ; ; ; ; ; ; ; ; ; ; ; ; ; ; ; ; ; ; ; ; ; ; ; ; ; 
; ; ; ; ; ; ; ; ; ; ; ; ; ; ; ; ; ; ; ; ; ; ; ; ; ; ; ; ; ; ; ; ; ; r29; ; ; ; ; ; ; ; ; ; ; ; ; ; ; ; ; 
; ; ; ; ; ; ; ; ; ; ; ; ; ; s13; ; ; ; ; ; ; ; s24/r92; s31; s26; s27; ; ; ; ; ; ; ; ; ; ; ; s28; ; s29; ; ; ; ; ; ; ; ; ; s32; ; 
; ; ; ; ; ; ; r23; ; ; ; ; ; ; ; ; ; ; ; ; ; ; ; ; ; ; ; ; ; ; ; ; ; ; ; ; ; ; ; ; ; ; ; ; ; ; ; ; ; ; ; 
; ; ; ; ; ; ; ; ; ; ; ; ; ; ; ; ; ; ; ; ; ; ; ; ; ; ; ; ; ; ; ; ; ; ; ; ; ; ; ; ; ; ; ; ; ; s135; s136; s137; ; ; 
; ; ; ; ; ; ; ; ; ; ; ; ; ; ; ; ; ; ; ; ; ; ; ; ; ; ; ; ; ; ; ; ; ; ; ; ; ; ; ; ; ; ; ; ; ; r96; r96; r96; ; ; 
; ; ; ; ; ; ; r24; ; ; ; ; ; ; ; ; ; ; ; ; ; ; ; ; ; ; ; ; ; ; ; ; ; ; ; ; ; ; ; ; ; ; ; ; ; ; ; ; ; ; ; 
; ; ; ; ; ; ; r135; ; ; ; ; ; ; ; ; ; ; ; ; ; ; ; ; ; ; ; ; ; ; ; ; ; ; ; ; ; ; ; ; ; ; ; ; ; ; ; ; ; ; ; 